﻿Dorsal;Nombre;Equipo;Posicion;Altura;Fecha;Minutos;Puntos;Tiros2P;Triples;TirosLibres;URL;Foto;Asistencias;RebotesOfensivos;RebotesDefensivos;Mates;BalonesRecuperados;BalonesPerdidos;TaponesFavor;TaponesContra;FaltasPersonales;FaltasRecibidas;Valoracion
11;Campazzo;Real Madrid;B;1.79;1992-08-03;583;239;57;39;8;http://www.bdbasket.com/es/j/j2460.html#;http://www.bdbasket.com/i/j/2460.jpg;107;4;42;1;43;39;4;4;46;82;154
1;Causeur;Real Madrid;E;1.95;1989-02-27;579;244;56;41;9;http://www.bdbasket.com/es/j/j2298.html#;http://www.bdbasket.com/i/j/2298.jpg;50;8;56;0;20;32;4;8;44;53;152
20;Carroll;Real Madrid;E;1.88;1985-03-17;610;390;96;64;6;http://www.bdbasket.com/es/j/j46.html#;http://www.bdbasket.com/i/j/46.jpg;21;15;49;0;17;34;3;6;53;48;134
7;Doncic;Real Madrid;E;1.98;2000-06-21;670;358;79;60;20;http://www.bdbasket.com/es/j/j2507.html#;http://www.bdbasket.com/i/j/2507.jpg;139;27;132;3;32;59;11;6;44;115;291
22;Tavares;Real Madrid;P;2.20;1994-02-15;568;214;44;36;18;http://www.bdbasket.com/es/j/j2913.html#;http://www.bdbasket.com/i/j/2913.jpg;15;53;120;46;9;35;58;1;60;72;252
9;Felipe Reyes;Real Madrid;P;2.04;1981-12-08;458;248;59;42;4;http://www.bdbasket.com/es/j/j188.html#;http://www.bdbasket.com/i/j/188.jpg;29;63;69;2;11;37;4;15;56;92;133
44;Taylor;Real Madrid;A;2.01;1990-09-22;449;171;34;29;16;http://www.bdbasket.com/es/j/j2692.html#;http://www.bdbasket.com/i/j/2692.jpg;33;14;26;12;9;18;2;4;65;29;157
33;Thompkins;Real Madrid;F;2.08;1991-12-20;423;200;46;34;6;http://www.bdbasket.com/es/j/j2667.html#;http://www.bdbasket.com/i/j/2667.jpg;16;10;73;4;9;15;5;3;44;19;99
16;Yusta;Real Madrid;A;1.99;1998-07-28;416;150;29;24;20;http://www.bdbasket.com/es/j/j2433.html#;http://www.bdbasket.com/i/j/2433.jpg;25;15;32;5;11;22;7;3;58;38;60
3;Randolph;Real Madrid;F;2.11;1990-08-10;400;195;40;33;16;http://www.bdbasket.com/es/j/j2753.html#;http://www.bdbasket.com/i/j/2753.jpg;14;14;80;13;12;21;8;4;39;34;60
5;Rudy Fernández;Real Madrid;A;1.97;1986-12-02;395;220;48;37;13;http://www.bdbasket.com/es/j/j577.html#;http://www.bdbasket.com/i/j/577.jpg;42;15;48;0;17;21;8;0;25;35;148
14;Ayón;Real Madrid;F;2.06;1987-01-17;321;105;26;17;2;http://www.bdbasket.com/es/j/j104.html#;http://www.bdbasket.com/i/j/104.jpg;39;22;68;8;12;32;9;7;38;29;49
2;Randle;Real Madrid;B;1.88;1994-12-08;274;107;22;18;9;http://www.bdbasket.com/es/j/j2905.html#;http://www.bdbasket.com/i/j/2905.jpg;31;3;14;0;8;20;0;1;36;22;-4
6;Radoncic;Real Madrid;A;2.02;2000-09-21;273;67;7;11;20;http://www.bdbasket.com/es/j/j2666.html#;http://www.bdbasket.com/i/j/2666.jpg;16;14;21;2;4;15;2;3;33;17;54
8;Maciulis;Real Madrid;A;1.98;1986-12-29;205;55;6;9;16;http://www.bdbasket.com/es/j/j2461.html#;http://www.bdbasket.com/i/j/2461.jpg;11;6;32;1;12;5;0;0;23;7;65
23;Llull;Real Madrid;B;1.90;1989-02-28;85;57;8;9;14;http://www.bdbasket.com/es/j/j195.html#;http://www.bdbasket.com/i/j/195.jpg;17;0;7;0;5;7;2;0;4;14;36
32;Kuzmic;Real Madrid;P;2.14;1992-01-30;65;26;6;4;2;http://www.bdbasket.com/es/j/j2168.html#;http://www.bdbasket.com/i/j/2168.jpg;2;5;8;3;0;5;1;0;8;10;35
19;Pantzar;Real Madrid;B;1.90;2002-02-08;35;4;2;0;0;http://www.bdbasket.com/es/j/j2947.html#;http://www.bdbasket.com/i/j/2947.jpg;1;0;3;0;2;1;0;3;5;3;7
13;Nakic;Real Madrid;A;1.99;2003-02-11;6;2;1;0;0;http://www.bdbasket.com/es/j/j2959.html#;http://www.bdbasket.com/i/j/2959.jpg;0;1;0;0;0;0;0;0;1;0;-10
18;Garuba;Real Madrid;P;2.01;2003-07-04;0;0;0;0;0;http://www.bdbasket.com/es/j/j2912.html#;http://www.bdbasket.com/i/j/2912.jpg;0;0;0;0;0;0;0;0;0;0;0
9;Marcelinho Huertas;Baskonia;B;1.90;1984-11-17;648;235;50;39;18;http://www.bdbasket.com/es/j/j76.html#;http://www.bdbasket.com/i/j/76.jpg;144;15;53;1;14;49;0;7;52;66;106
11;Janning;Baskonia;E;1.93;1989-07-10;713;344;81;58;8;http://www.bdbasket.com/es/j/j2869.html#;http://www.bdbasket.com/i/j/2869.jpg;51;6;61;2;19;35;4;3;60;43;182
6;Timma;Baskonia;A;2.01;1994-02-10;728;252;56;42;14;http://www.bdbasket.com/es/j/j2867.html#;http://www.bdbasket.com/i/j/2867.jpg;47;35;67;6;25;35;2;4;78;44;163
23;Shengelia;Baskonia;A;2.02;1992-08-24;746;498;117;83;15;http://www.bdbasket.com/es/j/j405.html#;http://www.bdbasket.com/i/j/405.jpg;48;48;125;26;32;58;11;10;63;150;129
7;Voigtmann;Baskonia;P;2.11;1993-09-09;661;257;55;43;18;http://www.bdbasket.com/es/j/j2774.html#;http://www.bdbasket.com/i/j/2774.jpg;56;33;138;23;11;28;10;4;60;51;149
10;Beaubois;Baskonia;B;1.88;1990-02-04;643;357;88;59;4;http://www.bdbasket.com/es/j/j2808.html#;http://www.bdbasket.com/i/j/2808.jpg;75;12;79;0;22;47;11;4;69;76;141
17;Poirier;Baskonia;P;2.13;1994-10-06;607;281;69;47;2;http://www.bdbasket.com/es/j/j2870.html#;http://www.bdbasket.com/i/j/2870.jpg;27;49;129;53;15;35;29;7;94;70;182
15;Granger;Baskonia;B;1.90;1991-02-25;602;228;55;38;4;http://www.bdbasket.com/es/j/j178.html#;http://www.bdbasket.com/i/j/178.jpg;130;3;57;1;20;53;0;6;33;82;66
12;Diop;Baskonia;P;2.09;1996-10-08;374;143;26;24;19;http://www.bdbasket.com/es/j/j2372.html#;http://www.bdbasket.com/i/j/2372.jpg;17;25;72;29;7;23;19;4;68;45;68
29;Garino;Baskonia;A;1.96;1995-03-03;372;101;19;17;12;http://www.bdbasket.com/es/j/j2908.html#;http://www.bdbasket.com/i/j/2908.jpg;10;15;28;5;10;12;5;6;42;32;45
3;Vildoza;Baskonia;B;1.90;1997-01-17;315;147;35;25;2;http://www.bdbasket.com/es/j/j2866.html#;http://www.bdbasket.com/i/j/2866.jpg;39;7;26;1;14;24;5;2;34;35;117
8;Malmanis;Baskonia;F;2.05;1997-11-23;165;30;3;5;9;http://www.bdbasket.com/es/j/j2868.html#;http://www.bdbasket.com/i/j/2868.jpg;5;7;15;2;1;4;0;3;20;8;54
21;Jones;Baskonia;F;2.03;1991-01-17;140;55;11;9;6;http://www.bdbasket.com/es/j/j2921.html#;http://www.bdbasket.com/i/j/2921.jpg;4;13;22;1;0;3;1;1;8;5;-13
91;Delfino;Baskonia;A;1.98;1983-07-14;51;11;1;2;3;http://www.bdbasket.com/es/j/j2871.html#;http://www.bdbasket.com/i/j/2871.jpg;2;2;8;0;1;5;0;1;6;3;7
52;McRae;Baskonia;E;1.97;1992-12-27;17;5;1;1;0;http://www.bdbasket.com/es/j/j2911.html#;http://www.bdbasket.com/i/j/2911.jpg;2;0;3;0;2;1;1;1;1;1;-2
19;Iván Martínez;Baskonia;E;1.92;1992-01-25;5;2;1;0;0;http://www.bdbasket.com/es/j/j2368.html#;http://www.bdbasket.com/i/j/2368.jpg;0;0;0;0;0;1;0;0;0;0;3
5;Miguel González;Baskonia;E;2.03;2001-02-07;5;0;0;0;0;http://www.bdbasket.com/es/j/j2919.html#;http://www.bdbasket.com/i/j/2919.jpg;0;0;1;0;0;0;0;0;1;1;3
5;Ribas;FC Barcelona Lassa;B;1.96;1988-12-30;591;244;54;41;13;http://www.bdbasket.com/es/j/j74.html#;http://www.bdbasket.com/i/j/74.jpg;104;12;47;0;15;41;2;5;44;36;135
13;Heurtel;FC Barcelona Lassa;B;1.89;1991-04-15;785;437;109;73;0;http://www.bdbasket.com/es/j/j243.html#;http://www.bdbasket.com/i/j/243.jpg;219;12;72;0;38;70;0;7;65;73;289
25;Koponen;FC Barcelona Lassa;E;1.94;1989-12-01;642;276;62;46;14;http://www.bdbasket.com/es/j/j2807.html#;http://www.bdbasket.com/i/j/2807.jpg;50;12;53;0;14;20;2;1;67;45;233
9;Hanga;FC Barcelona Lassa;A;1.99;1991-02-24;641;249;59;41;8;http://www.bdbasket.com/es/j/j396.html#;http://www.bdbasket.com/i/j/396.jpg;47;24;77;19;37;34;12;2;60;59;157
45;Moerman;FC Barcelona Lassa;F;2.03;1989-08-21;675;291;65;49;14;http://www.bdbasket.com/es/j/j2276.html#;http://www.bdbasket.com/i/j/2276.jpg;20;45;113;6;27;35;6;3;75;44;215
44;Tomic;FC Barcelona Lassa;P;2.17;1989-03-16;578;310;71;52;12;http://www.bdbasket.com/es/j/j225.html#;http://www.bdbasket.com/i/j/225.jpg;61;57;105;29;25;27;11;4;55;111;162
30;Claver;FC Barcelona Lassa;A;2.07;1989-08-03;553;135;24;23;18;http://www.bdbasket.com/es/j/j3.html#;http://www.bdbasket.com/i/j/3.jpg;33;21;66;11;32;18;8;3;58;36;148
18;Oriola;FC Barcelona Lassa;F;2.06;1993-10-07;532;268;63;45;7;http://www.bdbasket.com/es/j/j226.html#;http://www.bdbasket.com/i/j/226.jpg;25;46;72;6;11;18;10;5;66;79;115
11;Navarro;FC Barcelona Lassa;E;1.91;1982-04-06;367;150;37;25;1;http://www.bdbasket.com/es/j/j29.html#;http://www.bdbasket.com/i/j/29.jpg;44;5;27;0;9;25;0;1;30;31;79
14;Vezenkov;FC Barcelona Lassa;F;2.06;1996-12-07;322;145;32;24;9;http://www.bdbasket.com/es/j/j2640.html#;http://www.bdbasket.com/i/j/2640.jpg;18;19;50;2;8;10;11;3;36;22;57
21;Sanders;FC Barcelona Lassa;A;1.96;1990-11-01;272;124;27;21;7;http://www.bdbasket.com/es/j/j2865.html#;http://www.bdbasket.com/i/j/2865.jpg;9;12;35;5;13;20;3;7;33;30;8
10;Jackson;FC Barcelona Lassa;E;1.90;1990-07-05;265;101;17;17;16;http://www.bdbasket.com/es/j/j2517.html#;http://www.bdbasket.com/i/j/2517.jpg;16;11;22;1;8;13;1;1;28;25;31
8;Pressey;FC Barcelona Lassa;B;1.80;1992-07-16;264;116;27;20;2;http://www.bdbasket.com/es/j/j2864.html#;http://www.bdbasket.com/i/j/2864.jpg;45;1;23;0;24;18;0;4;34;37;15
1;Seraphin;FC Barcelona Lassa;P;2.06;1991-03-16;260;153;33;25;12;http://www.bdbasket.com/es/j/j2177.html#;http://www.bdbasket.com/i/j/2177.jpg;12;26;28;13;9;22;11;6;31;26;59
17;Kurucs;FC Barcelona Lassa;A;2.03;1999-07-31;43;14;4;2;0;http://www.bdbasket.com/es/j/j2836.html#;http://www.bdbasket.com/i/j/2836.jpg;2;0;3;3;5;3;2;0;12;1;-6
2;Reynolds;FC Barcelona Lassa;P;2.06;1994-02-13;31;13;4;2;0;http://www.bdbasket.com/es/j/j2956.html#;http://www.bdbasket.com/i/j/2956.jpg;2;3;1;4;0;0;0;0;4;3;4
6;Marc Garcia;FC Barcelona Lassa;E;1.97;1997-12-28;12;4;1;1;0;http://www.bdbasket.com/es/j/j2470.html#;http://www.bdbasket.com/i/j/2470.jpg;0;0;1;0;0;0;0;1;3;2;6
32;Diagné;FC Barcelona Lassa;P;2.15;1999-12-24;9;0;0;0;0;http://www.bdbasket.com/es/j/j2764.html#;http://www.bdbasket.com/i/j/2764.jpg;0;3;1;0;0;2;0;0;3;1;-12
31;Aleix Font;FC Barcelona Lassa;E;1.94;1999-08-11;0;0;0;0;0;http://www.bdbasket.com/es/j/j2960.html#;http://www.bdbasket.com/i/j/2960.jpg;0;0;0;0;0;0;0;0;0;0;0
9;Rossom;Valencia Basket;B;1.88;1987-10-23;614;219;46;37;16;http://www.bdbasket.com/es/j/j51.html#;http://www.bdbasket.com/i/j/51.jpg;90;18;56;0;17;37;3;2;44;46;112
32;Green;Valencia Basket;E;1.90;1993-01-27;648;407;92;68;19;http://www.bdbasket.com/es/j/j2862.html#;http://www.bdbasket.com/i/j/2862.jpg;46;9;42;4;19;27;2;3;48;87;59
42;Doornekamp;Valencia Basket;F;2.01;1987-01-25;733;227;50;38;13;http://www.bdbasket.com/es/j/j2746.html#;http://www.bdbasket.com/i/j/2746.jpg;56;29;79;2;28;27;4;5;98;46;222
0;Thomas;Valencia Basket;F;2.03;1988-02-22;873;291;67;49;10;http://www.bdbasket.com/es/j/j2479.html#;http://www.bdbasket.com/i/j/2479.jpg;45;39;93;21;30;19;6;8;58;67;111
14;Dubljevic;Valencia Basket;P;2.05;1993-03-04;631;323;74;54;13;http://www.bdbasket.com/es/j/j2258.html#;http://www.bdbasket.com/i/j/2258.jpg;41;60;118;1;14;46;9;16;50;123;121
6;Abalde;Valencia Basket;E;2.00;1996-12-02;582;208;44;35;15;http://www.bdbasket.com/es/j/j2420.html#;http://www.bdbasket.com/i/j/2420.jpg;71;26;65;3;18;26;0;6;45;45;128
17;Rafa Martínez;Valencia Basket;E;1.90;1984-02-26;564;282;66;47;9;http://www.bdbasket.com/es/j/j6.html#;http://www.bdbasket.com/i/j/6.jpg;58;9;43;0;14;31;0;6;44;60;167
30;Sastre;Valencia Basket;A;2.01;1992-09-23;536;170;39;28;8;http://www.bdbasket.com/es/j/j127.html#;http://www.bdbasket.com/i/j/127.jpg;50;12;46;6;21;32;8;2;39;39;40
21;Pleiss;Valencia Basket;P;2.16;1990-07-03;452;235;58;39;2;http://www.bdbasket.com/es/j/j2250.html#;http://www.bdbasket.com/i/j/2250.jpg;15;41;108;33;8;37;19;7;56;64;97
19;San Emeterio;Valencia Basket;E;1.99;1986-01-24;391;218;53;36;4;http://www.bdbasket.com/es/j/j79.html#;http://www.bdbasket.com/i/j/79.jpg;36;8;34;0;16;38;0;7;14;62;57
16;Vives;Valencia Basket;B;1.88;1995-01-16;341;90;18;15;9;http://www.bdbasket.com/es/j/j299.html#;http://www.bdbasket.com/i/j/299.jpg;46;9;26;0;15;20;0;5;43;27;55
5;Sergi García;Valencia Basket;B;1.89;1999-04-17;120;23;1;4;9;http://www.bdbasket.com/es/j/j2394.html#;http://www.bdbasket.com/i/j/2394.jpg;10;4;13;0;4;11;0;1;12;10;0
10;Rudez;Valencia Basket;F;2.08;1987-09-16;101;28;6;5;1;http://www.bdbasket.com/es/j/j2248.html#;http://www.bdbasket.com/i/j/2248.jpg;5;0;8;0;1;4;0;0;12;4;-1
51;Hlinason;Valencia Basket;P;2.16;1999-03-06;82;36;8;6;2;http://www.bdbasket.com/es/j/j2863.html#;http://www.bdbasket.com/i/j/2863.jpg;2;9;12;8;2;9;2;1;23;7;-9
22;Williams;Valencia Basket;P;2.02;1990-12-31;60;13;4;2;0;http://www.bdbasket.com/es/j/j2192.html#;http://www.bdbasket.com/i/j/2192.jpg;0;9;12;1;2;3;0;1;15;5;-19
25;Buva;Valencia Basket;P;2.08;1992-08-11;40;22;2;4;6;http://www.bdbasket.com/es/j/j2777.html#;http://www.bdbasket.com/i/j/2777.jpg;0;5;8;0;0;5;0;2;7;8;3
3;Puerto;Valencia Basket;E;1.99;2001-04-05;39;11;3;2;0;http://www.bdbasket.com/es/j/j2716.html#;http://www.bdbasket.com/i/j/2716.jpg;1;2;3;0;0;4;2;0;3;4;-1
13;Ferrando;Valencia Basket;B;1.85;1998-03-19;5;3;0;1;0;http://www.bdbasket.com/es/j/j2834.html#;http://www.bdbasket.com/i/j/2834.jpg;0;0;0;0;0;1;0;0;1;0;-2
12;Llompart;Valencia Basket;B;1.85;1983-10-23;2;0;0;0;0;http://www.bdbasket.com/es/j/j90.html#;http://www.bdbasket.com/i/j/90.jpg;0;0;0;0;0;1;0;0;0;0;1
4;Vera;Valencia Basket;P;2.02;1999-03-30;2;3;0;1;0;http://www.bdbasket.com/es/j/j2930.html#;http://www.bdbasket.com/i/j/2930.jpg;0;0;0;0;0;0;0;0;0;1;4
9;Mekel;Herbalife Gran Canaria;B;1.91;1989-09-01;572;281;64;47;12;http://www.bdbasket.com/es/j/j2845.html#;http://www.bdbasket.com/i/j/2845.jpg;108;15;29;0;18;60;1;11;63;60;23
11;Seeley;Herbalife Gran Canaria;E;1.93;1991-03-15;795;359;89;60;1;http://www.bdbasket.com/es/j/j2535.html#;http://www.bdbasket.com/i/j/2535.jpg;84;26;48;1;29;59;0;7;59;91;77
22;Rabaseda;Herbalife Gran Canaria;A;1.98;1991-02-04;615;211;45;35;16;http://www.bdbasket.com/es/j/j108.html#;http://www.bdbasket.com/i/j/108.jpg;46;13;63;12;35;26;8;3;59;42;75
13;Báez;Herbalife Gran Canaria;F;2.01;1983-07-18;683;288;64;48;16;http://www.bdbasket.com/es/j/j164.html#;http://www.bdbasket.com/i/j/164.jpg;46;54;93;3;28;44;8;6;73;110;41
12;Balvin;Herbalife Gran Canaria;P;2.17;1994-03-27;714;279;65;47;8;http://www.bdbasket.com/es/j/j252.html#;http://www.bdbasket.com/i/j/252.jpg;37;76;121;72;14;40;28;13;92;89;110
4;Oliver;Herbalife Gran Canaria;B;1.87;1979-07-05;562;246;55;41;13;http://www.bdbasket.com/es/j/j172.html#;http://www.bdbasket.com/i/j/172.jpg;90;20;26;0;20;49;0;8;45;64;17
14;Pasecniks;Herbalife Gran Canaria;P;2.16;1997-04-14;528;218;53;36;4;http://www.bdbasket.com/es/j/j2649.html#;http://www.bdbasket.com/i/j/2649.jpg;11;47;73;21;12;26;16;8;49;67;-3
34;Aguilar;Herbalife Gran Canaria;F;2.03;1990-10-28;513;187;38;31;18;http://www.bdbasket.com/es/j/j60.html#;http://www.bdbasket.com/i/j/60.jpg;28;20;99;10;26;22;8;4;32;21;-6
8;Eriksson;Herbalife Gran Canaria;A;1.96;1994-10-16;473;258;62;43;5;http://www.bdbasket.com/es/j/j201.html#;http://www.bdbasket.com/i/j/201.jpg;19;9;46;3;5;15;3;1;37;45;13
21;Paulí;Herbalife Gran Canaria;E;2.01;1996-03-30;375;127;26;21;12;http://www.bdbasket.com/es/j/j2462.html#;http://www.bdbasket.com/i/j/2462.jpg;33;4;57;4;12;35;2;5;31;40;-22
31;Radicevic;Herbalife Gran Canaria;B;1.94;1996-04-16;316;128;30;22;2;http://www.bdbasket.com/es/j/j2299.html#;http://www.bdbasket.com/i/j/2299.jpg;42;0;22;0;16;19;0;5;32;33;33
40;Fischer;Herbalife Gran Canaria;P;2.11;1995-12-04;287;135;25;23;16;http://www.bdbasket.com/es/j/j2847.html#;http://www.bdbasket.com/i/j/2847.jpg;15;27;34;15;8;12;9;2;43;28;8
10;Brussino;Herbalife Gran Canaria;A;2.01;1994-07-18;211;79;11;13;18;http://www.bdbasket.com/es/j/j2926.html#;http://www.bdbasket.com/i/j/2926.jpg;9;7;22;4;8;7;3;1;32;10;2
27;McKissic;Herbalife Gran Canaria;A;1.96;1992-04-02;174;55;7;9;14;http://www.bdbasket.com/es/j/j2846.html#;http://www.bdbasket.com/i/j/2846.jpg;14;3;14;3;11;10;1;2;14;16;-11
15;Balcerowski;Herbalife Gran Canaria;P;2.16;2001-07-03;1;0;0;0;0;http://www.bdbasket.com/es/j/j2917.html#;http://www.bdbasket.com/i/j/2917.jpg;0;0;1;0;0;0;0;0;0;0;-2
6;Javi López;Herbalife Gran Canaria;B;1.85;2000-11-07;0;0;0;0;0;http://www.bdbasket.com/es/j/j2916.html#;http://www.bdbasket.com/i/j/2916.jpg;0;0;0;0;0;0;0;0;0;0;0
24;Kljajic;Herbalife Gran Canaria;E;1.95;2002-11-05;0;0;0;0;0;http://www.bdbasket.com/es/j/j2920.html#;http://www.bdbasket.com/i/j/2920.jpg;0;0;0;0;0;0;0;0;0;0;0
3;Jaime Fernández;MoraBanc Andorra;B;1.84;1994-12-22;693;407;97;68;9;http://www.bdbasket.com/es/j/j181.html#;http://www.bdbasket.com/i/j/181.jpg;137;20;51;0;44;45;3;21;77;133;137
16;Albicy;MoraBanc Andorra;B;1.76;1991-08-28;792;279;62;47;14;http://www.bdbasket.com/es/j/j2793.html#;http://www.bdbasket.com/i/j/2793.jpg;151;3;57;0;39;64;4;6;67;98;50
23;Walker;MoraBanc Andorra;A;1.97;1995-03-22;732;239;58;40;3;http://www.bdbasket.com/es/j/j2794.html#;http://www.bdbasket.com/i/j/2794.jpg;51;21;53;17;16;30;5;4;46;29;-34
11;Blazic;MoraBanc Andorra;A;1.96;1991-07-24;843;466;114;78;4;http://www.bdbasket.com/es/j/j2686.html#;http://www.bdbasket.com/i/j/2686.jpg;57;23;118;16;33;56;5;34;64;136;144
22;Shurna;MoraBanc Andorra;F;2.04;1992-03-30;722;218;53;36;4;http://www.bdbasket.com/es/j/j2350.html#;http://www.bdbasket.com/i/j/2350.jpg;15;26;73;5;27;20;10;8;77;39;74
25;Jelínek;MoraBanc Andorra;E;1.95;1991-10-25;617;308;70;52;12;http://www.bdbasket.com/es/j/j143.html#;http://www.bdbasket.com/i/j/143.jpg;35;14;58;0;11;46;3;6;64;52;-12
14;Stevic;MoraBanc Andorra;P;2.05;1986-02-05;566;218;52;36;6;http://www.bdbasket.com/es/j/j2182.html#;http://www.bdbasket.com/i/j/2182.jpg;19;41;81;5;24;24;11;11;87;94;161
12;Jankovic;MoraBanc Andorra;A;2.02;1991-10-23;542;208;46;35;11;http://www.bdbasket.com/es/j/j2791.html#;http://www.bdbasket.com/i/j/2791.jpg;46;26;64;3;24;23;8;4;64;58;99
21;Diagne;MoraBanc Andorra;P;2.08;1995-12-08;481;180;36;30;18;http://www.bdbasket.com/es/j/j2260.html#;http://www.bdbasket.com/i/j/2260.jpg;5;60;95;28;14;29;12;4;82;87;41
32;Sanè;MoraBanc Andorra;P;2.11;1992-02-16;355;158;31;26;18;http://www.bdbasket.com/es/j/j2928.html#;http://www.bdbasket.com/i/j/2928.jpg;11;15;46;1;10;19;13;2;44;20;-10
15;Karnowski;MoraBanc Andorra;P;2.16;1995-01-23;211;98;21;16;8;http://www.bdbasket.com/es/j/j2844.html#;http://www.bdbasket.com/i/j/2844.jpg;8;9;23;7;7;11;3;5;33;25;-20
8;Iverson;MoraBanc Andorra;P;2.13;1990-12-20;202;78;13;13;13;http://www.bdbasket.com/es/j/j2473.html#;http://www.bdbasket.com/i/j/2473.jpg;3;20;38;10;7;16;6;5;45;29;-33
34;Copeland;MoraBanc Andorra;F;2.03;1985-11-12;82;23;3;4;5;http://www.bdbasket.com/es/j/j2914.html#;http://www.bdbasket.com/i/j/2914.jpg;5;0;12;0;1;7;1;1;8;2;-6
24;Colom;MoraBanc Andorra;B;1.91;1992-12-12;56;18;5;3;0;http://www.bdbasket.com/es/j/j2499.html#;http://www.bdbasket.com/i/j/2499.jpg;5;2;7;0;0;4;1;0;8;3;-36
35;Maric;MoraBanc Andorra;F;2.01;1999-09-19;0;0;0;0;0;http://www.bdbasket.com/es/j/j2803.html#;http://www.bdbasket.com/i/j/2803.jpg;0;0;0;0;0;0;0;0;0;0;0
26;Schneider;MoraBanc Andorra;A;2.01;2000-01-14;0;0;0;0;0;http://www.bdbasket.com/es/j/j2740.html#;http://www.bdbasket.com/i/j/2740.jpg;0;0;0;0;0;0;0;0;0;0;0
31;Gacic;MoraBanc Andorra;B;2.01;1997-10-26;0;0;0;0;0;http://www.bdbasket.com/es/j/j2927.html#;http://www.bdbasket.com/i/j/2927.jpg;0;0;0;0;0;0;0;0;0;0;0
35;Tvalabeishvili;MoraBanc Andorra;P;2.08;1999-11-17;0;0;0;0;0;http://www.bdbasket.com/es/j/j2929.html#;http://www.bdbasket.com/i/j/2929.jpg;0;0;0;0;0;0;0;0;0;0;0
3;McCallum;Unicaja;B;1.91;1992-07-23;648;256;60;43;7;http://www.bdbasket.com/es/j/j2876.html#;http://www.bdbasket.com/i/j/2876.jpg;96;18;53;7;15;37;1;10;63;65;78
16;Nedovic;Unicaja;B;1.91;1992-09-13;687;434;102;72;14;http://www.bdbasket.com/es/j/j2510.html#;http://www.bdbasket.com/i/j/2510.jpg;121;6;37;6;20;63;2;13;48;111;33
9;Alberto Díaz;Unicaja;B;1.88;1995-10-21;710;168;34;28;16;http://www.bdbasket.com/es/j/j2235.html#;http://www.bdbasket.com/i/j/2235.jpg;97;13;67;0;32;30;0;3;72;41;75
43;Carlos Suárez;Unicaja;A;2.02;1987-10-08;730;235;55;39;8;http://www.bdbasket.com/es/j/j187.html#;http://www.bdbasket.com/i/j/187.jpg;89;54;114;1;21;36;6;5;38;86;86
40;Augustine;Unicaja;F;2.08;1986-04-18;723;218;52;36;6;http://www.bdbasket.com/es/j/j258.html#;http://www.bdbasket.com/i/j/258.jpg;40;77;130;9;28;25;15;5;75;38;146
23;Brooks;Unicaja;F;2.03;1990-12-22;645;273;66;45;6;http://www.bdbasket.com/es/j/j2755.html#;http://www.bdbasket.com/i/j/2755.jpg;26;47;86;12;14;31;8;6;53;43;72
21;Waczynski;Unicaja;A;1.99;1991-03-22;615;286;66;48;10;http://www.bdbasket.com/es/j/j2466.html#;http://www.bdbasket.com/i/j/2466.jpg;32;18;50;4;18;18;0;2;62;56;44
10;Salin;Unicaja;E;1.91;1993-02-24;599;292;66;49;13;http://www.bdbasket.com/es/j/j2527.html#;http://www.bdbasket.com/i/j/2527.jpg;64;13;54;0;24;27;2;6;54;78;152
11;Daniel Díez;Unicaja;A;2.01;1995-02-28;423;161;34;27;12;http://www.bdbasket.com/es/j/j298.html#;http://www.bdbasket.com/i/j/298.jpg;23;30;60;1;16;13;2;8;14;43;54
17;Shermadini;Unicaja;P;2.16;1990-07-11;399;237;51;39;18;http://www.bdbasket.com/es/j/j2386.html#;http://www.bdbasket.com/i/j/2386.jpg;22;37;64;14;11;35;11;3;56;79;-4
12;Milosavljevic;Unicaja;E;1.98;1990-08-09;376;122;22;20;18;http://www.bdbasket.com/es/j/j2877.html#;http://www.bdbasket.com/i/j/2877.jpg;14;10;34;6;12;29;3;10;45;41;9
2;Okouo;Unicaja;P;2.14;1998-11-20;104;41;4;7;12;http://www.bdbasket.com/es/j/j2732.html#;http://www.bdbasket.com/i/j/2732.jpg;1;12;15;1;4;10;5;3;23;14;9
35;Jean-Charles;Unicaja;P;2.04;1994-07-17;103;37;0;6;19;http://www.bdbasket.com/es/j/j2945.html#;http://www.bdbasket.com/i/j/2945.jpg;3;7;18;2;3;5;2;0;14;13;-2
6;Soluade;Unicaja;B;1.96;1996-12-14;50;16;4;3;0;http://www.bdbasket.com/es/j/j2501.html#;http://www.bdbasket.com/i/j/2501.jpg;6;1;3;0;1;7;0;1;8;3;-16
8;Rosa;Unicaja;F;2.04;2001-02-11;3;2;1;0;0;http://www.bdbasket.com/es/j/j2833.html#;http://www.bdbasket.com/i/j/2833.jpg;0;0;1;0;0;1;0;1;1;0;-1
0;San Miguel;Iberostar Tenerife;B;1.86;1987-02-08;814;210;44;35;17;http://www.bdbasket.com/es/j/j198.html#;http://www.bdbasket.com/i/j/198.jpg;137;12;74;1;28;62;3;7;71;85;54
20;Ponitka;Iberostar Tenerife;E;1.97;1994-10-02;781;434;100;72;18;http://www.bdbasket.com/es/j/j2891.html#;http://www.bdbasket.com/i/j/2891.jpg;41;64;114;17;23;58;5;9;50;156;42
33;Beirán;Iberostar Tenerife;A;2.00;1989-02-23;640;203;41;34;19;http://www.bdbasket.com/es/j/j47.html#;http://www.bdbasket.com/i/j/47.jpg;85;28;95;0;14;22;0;9;26;43;40
21;Abromaitis;Iberostar Tenerife;A;2.03;1990-10-18;860;347;81;58;11;http://www.bdbasket.com/es/j/j2665.html#;http://www.bdbasket.com/i/j/2665.jpg;43;42;114;8;35;29;9;10;84;62;77
13;Tobey;Iberostar Tenerife;P;2.13;1995-11-07;689;349;86;58;3;http://www.bdbasket.com/es/j/j2835.html#;http://www.bdbasket.com/i/j/2835.jpg;21;78;129;45;11;36;24;8;96;70;63
18;Vasileiadis;Iberostar Tenerife;A;2.00;1986-03-29;485;237;54;39;12;http://www.bdbasket.com/es/j/j224.html#;http://www.bdbasket.com/i/j/224.jpg;31;4;42;0;14;17;3;1;48;34;123
10;Bassas;Iberostar Tenerife;B;1.81;1993-12-29;459;164;33;28;14;http://www.bdbasket.com/es/j/j2190.html#;http://www.bdbasket.com/i/j/2190.jpg;80;7;31;0;23;47;0;4;38;44;42
17;Fran Vázquez;Iberostar Tenerife;P;2.09;1984-10-12;443;174;36;29;15;http://www.bdbasket.com/es/j/j31.html#;http://www.bdbasket.com/i/j/31.jpg;27;35;61;26;9;19;14;2;59;33;60
25;Allen;Iberostar Tenerife;F;2.08;1995-03-10;408;102;20;17;11;http://www.bdbasket.com/es/j/j2769.html#;http://www.bdbasket.com/i/j/2769.jpg;17;24;45;1;7;21;2;2;50;42;-44
34;White;Iberostar Tenerife;B;1.85;1983-03-28;372;118;29;20;0;http://www.bdbasket.com/es/j/j2498.html#;http://www.bdbasket.com/i/j/2498.jpg;38;2;18;0;13;28;2;6;44;41;-51
5;Richotti;Iberostar Tenerife;E;1.84;1987-11-03;311;119;28;20;3;http://www.bdbasket.com/es/j/j2242.html#;http://www.bdbasket.com/i/j/2242.jpg;39;12;24;1;11;25;2;3;49;37;-8
7;Niang;Iberostar Tenerife;P;2.09;1996-03-06;229;68;13;12;6;http://www.bdbasket.com/es/j/j2402.html#;http://www.bdbasket.com/i/j/2402.jpg;4;21;36;18;5;15;22;3;38;16;-36
2;Akognon;Iberostar Tenerife;B;1.80;1988-02-12;144;93;22;15;4;http://www.bdbasket.com/es/j/j2797.html#;http://www.bdbasket.com/i/j/2797.jpg;14;1;2;0;4;6;0;4;32;8;-4
18;Borg;Iberostar Tenerife;E;1.84;1994-08-19;96;20;5;4;0;http://www.bdbasket.com/es/j/j2486.html#;http://www.bdbasket.com/i/j/2486.jpg;5;0;4;0;2;9;0;0;17;8;-11
12;Odiase;Iberostar Tenerife;F;2.06;1996-11-19;37;18;5;3;0;http://www.bdbasket.com/es/j/j2952.html#;http://www.bdbasket.com/i/j/2952.jpg;1;3;2;3;1;2;4;2;1;3;19
9;Llompart;Iberostar Tenerife;B;1.85;1983-10-15;30;14;1;2;6;http://www.bdbasket.com/es/j/j90.html#;http://www.bdbasket.com/i/j/90.jpg;3;2;1;0;0;2;0;1;2;3;-6
24;Vrabac;Iberostar Tenerife;A;2.03;1996-01-31;28;4;1;1;0;http://www.bdbasket.com/es/j/j2892.html#;http://www.bdbasket.com/i/j/2892.jpg;1;0;0;0;1;1;0;1;2;2;-18
14;Sturup;Iberostar Tenerife;E;1.97;1998-07-31;15;10;3;2;0;http://www.bdbasket.com/es/j/j2907.html#;http://www.bdbasket.com/i/j/2907.jpg;1;0;0;0;1;0;0;0;3;2;8
2;Popovic;Montakit Fuenlabrada;B;1.82;1984-01-21;856;487;114;81;16;http://www.bdbasket.com/es/j/j1000.html#;http://www.bdbasket.com/i/j/1000.jpg;95;13;56;0;19;64;1;9;90;154;-67
11;Cruz;Montakit Fuenlabrada;E;1.91;1991-03-03;882;400;92;67;15;http://www.bdbasket.com/es/j/j2775.html#;http://www.bdbasket.com/i/j/2775.jpg;111;30;78;0;22;90;1;22;79;64;-94
13;Smits;Montakit Fuenlabrada;A;2.02;1997-01-23;863;380;89;64;10;http://www.bdbasket.com/es/j/j2341.html#;http://www.bdbasket.com/i/j/2341.jpg;31;53;90;14;14;44;16;9;113;68;-85
31;Eyenga;Montakit Fuenlabrada;A;1.98;1990-10-21;891;396;94;66;10;http://www.bdbasket.com/es/j/j388.html#;http://www.bdbasket.com/i/j/388.jpg;56;22;120;20;34;62;26;19;87;107;-87
4;O'Leary;Montakit Fuenlabrada;F;2.01;1988-03-01;792;259;64;43;2;http://www.bdbasket.com/es/j/j2280.html#;http://www.bdbasket.com/i/j/2280.jpg;34;75;117;27;21;32;8;13;86;60;-58
16;Vargas;Montakit Fuenlabrada;B;1.80;1988-04-18;734;154;33;26;10;http://www.bdbasket.com/es/j/j2879.html#;http://www.bdbasket.com/i/j/2879.jpg;82;20;76;0;25;34;3;5;120;34;-16
0;Olaseni;Montakit Fuenlabrada;P;2.08;1992-07-12;560;176;37;30;12;http://www.bdbasket.com/es/j/j2878.html#;http://www.bdbasket.com/i/j/2878.jpg;20;46;59;7;8;18;14;7;83;31;-64
9;Sekulic;Montakit Fuenlabrada;P;2.10;1983-07-14;400;135;24;23;18;http://www.bdbasket.com/es/j/j596.html#;http://www.bdbasket.com/i/j/596.jpg;17;39;50;3;6;36;7;3;48;53;-53
5;Rupnik;Montakit Fuenlabrada;B;1.86;1994-06-23;396;136;25;23;17;http://www.bdbasket.com/es/j/j2813.html#;http://www.bdbasket.com/i/j/2813.jpg;41;10;29;0;12;18;1;1;58;65;-70
8;Llorca;Montakit Fuenlabrada;A;1.92;1990-09-12;251;63;6;11;18;http://www.bdbasket.com/es/j/j204.html#;http://www.bdbasket.com/i/j/204.jpg;18;13;26;0;6;19;0;5;28;32;-61
24;Karnowski;Montakit Fuenlabrada;P;2.16;1995-03-31;84;25;7;4;0;http://www.bdbasket.com/es/j/j2844.html#;http://www.bdbasket.com/i/j/2844.jpg;0;4;9;0;3;4;1;0;10;15;-53
6;Llorente;Montakit Fuenlabrada;B;1.85;1991-11-28;49;16;0;3;7;http://www.bdbasket.com/es/j/j2805.html#;http://www.bdbasket.com/i/j/2805.jpg;6;1;3;0;4;2;0;0;7;0;-23
22;Sulejmanovic;Montakit Fuenlabrada;P;2.04;1997-01-25;31;10;0;2;4;http://www.bdbasket.com/es/j/j2950.html#;http://www.bdbasket.com/i/j/2950.jpg;0;0;4;0;0;1;0;0;1;3;-25
15;González;Montakit Fuenlabrada;P;2.06;1993-03-28;30;4;1;1;0;http://www.bdbasket.com/es/j/j2412.html#;http://www.bdbasket.com/i/j/2412.jpg;0;2;4;0;1;2;0;0;2;0;-28
12;Ehigiator;Montakit Fuenlabrada;P;2.04;2001-03-16;0;0;0;0;0;http://www.bdbasket.com/es/j/j2839.html#;http://www.bdbasket.com/i/j/2839.jpg;0;0;0;0;0;0;0;0;0;0;0
14;Round;Montakit Fuenlabrada;E;1.92;2001-09-12;0;0;0;0;0;http://www.bdbasket.com/es/j/j2943.html#;http://www.bdbasket.com/i/j/2943.jpg;0;0;0;0;0;0;0;0;0;0;0
11;Hannah;UCAM Murcia;B;1.79;1988-08-13;821;409;101;68;3;http://www.bdbasket.com/es/j/j2450.html#;http://www.bdbasket.com/i/j/2450.jpg;135;9;71;1;24;64;1;7;62;94;52
12;Oleson;UCAM Murcia;E;1.91;1984-07-14;772;251;59;42;7;http://www.bdbasket.com/es/j/j82.html#;http://www.bdbasket.com/i/j/82.jpg;57;18;52;0;32;25;7;2;45;42;131
27;Rojas;UCAM Murcia;A;1.93;1991-02-20;759;236;50;40;16;http://www.bdbasket.com/es/j/j2435.html#;http://www.bdbasket.com/i/j/2435.jpg;16;60;132;2;35;29;4;5;118;83;-29
0;Soko;UCAM Murcia;A;2.01;1992-11-10;789;371;92;62;1;http://www.bdbasket.com/es/j/j2780.html#;http://www.bdbasket.com/i/j/2780.jpg;37;59;114;20;33;73;8;22;114;113;-2
16;Delía;UCAM Murcia;P;2.11;1993-12-05;734;210;48;35;9;http://www.bdbasket.com/es/j/j2782.html#;http://www.bdbasket.com/i/j/2782.jpg;27;52;82;14;12;31;11;20;63;86;78
8;Benite;UCAM Murcia;E;1.91;1991-07-26;673;388;94;65;5;http://www.bdbasket.com/es/j/j2669.html#;http://www.bdbasket.com/i/j/2669.jpg;27;8;44;1;18;39;1;4;72;71;-2
9;Kloof;UCAM Murcia;B;1.91;1991-11-07;624;270;60;45;15;http://www.bdbasket.com/es/j/j2873.html#;http://www.bdbasket.com/i/j/2873.jpg;65;17;56;10;18;40;8;9;103;101;-26
24;Tumba;UCAM Murcia;P;2.06;1992-09-14;580;115;22;19;14;http://www.bdbasket.com/es/j/j2825.html#;http://www.bdbasket.com/i/j/2825.jpg;7;77;101;28;15;39;25;10;110;64;10
3;Urtasun;UCAM Murcia;E;1.93;1986-01-27;435;155;32;26;13;http://www.bdbasket.com/es/j/j94.html#;http://www.bdbasket.com/i/j/94.jpg;31;6;32;0;11;32;1;2;41;55;-21
33;Lukovic;UCAM Murcia;F;2.06;1993-09-08;301;109;27;18;1;http://www.bdbasket.com/es/j/j2875.html#;http://www.bdbasket.com/i/j/2875.jpg;7;18;37;2;10;9;4;4;34;36;24
23;Lima;UCAM Murcia;F;2.06;1993-04-17;266;90;21;15;3;http://www.bdbasket.com/es/j/j236.html#;http://www.bdbasket.com/i/j/236.jpg;15;30;51;10;6;17;13;4;29;22;-33
6;Antelo;UCAM Murcia;F;2.03;1988-10-24;34;13;0;2;7;http://www.bdbasket.com/es/j/j328.html#;http://www.bdbasket.com/i/j/328.jpg;1;1;7;0;1;2;1;0;4;2;-6
5;Alberto Martín;UCAM Murcia;B;1.80;1996-11-11;30;0;0;0;0;http://www.bdbasket.com/es/j/j2326.html#;http://www.bdbasket.com/i/j/2326.jpg;5;0;1;0;3;0;0;2;2;3;13
13;Faverani;UCAM Murcia;P;2.10;1990-04-12;14;5;0;1;2;http://www.bdbasket.com/es/j/j340.html#;http://www.bdbasket.com/i/j/340.jpg;0;0;1;1;0;0;0;1;1;1;-2
14;Olaizola;UCAM Murcia;F;2.02;1994-10-18;10;2;1;0;0;http://www.bdbasket.com/es/j/j2303.html#;http://www.bdbasket.com/i/j/2303.jpg;0;0;1;0;0;1;0;0;2;0;-12
2;Mendiola;UCAM Murcia;P;2.12;1997-11-16;0;0;0;0;0;http://www.bdbasket.com/es/j/j2955.html#;http://www.bdbasket.com/i/j/2955.jpg;0;0;0;0;0;0;0;0;0;0;0
10;Emilio Martínez;UCAM Murcia;B;1.83;1999-06-25;0;0;0;0;0;http://www.bdbasket.com/es/j/j2874.html#;http://www.bdbasket.com/i/j/2874.jpg;0;0;0;0;0;0;0;0;0;0;0
6;Mutic;UCAM Murcia;F;2.00;2000-11-23;0;0;0;0;0;http://www.bdbasket.com/es/j/j2946.html#;http://www.bdbasket.com/i/j/2946.jpg;0;0;0;0;0;0;0;0;0;0;0
10;Cook;Movistar Estudiantes;B;1.86;1983-08-11;913;222;49;37;13;http://www.bdbasket.com/es/j/j1.html#;http://www.bdbasket.com/i/j/1.jpg;230;11;64;0;38;60;0;2;55;75;-24
15;Landesberg;Movistar Estudiantes;A;1.98;1992-02-24;836;603;148;101;4;http://www.bdbasket.com/es/j/j2895.html#;http://www.bdbasket.com/i/j/2895.jpg;57;22;99;7;22;45;4;27;81;187;-38
22;Caner-Medley;Movistar Estudiantes;F;2.03;1985-02-05;675;274;64;46;8;http://www.bdbasket.com/es/j/j238.html#;http://www.bdbasket.com/i/j/238.jpg;40;24;102;4;17;29;9;5;52;61;-131
12;Suton;Movistar Estudiantes;F;2.08;1987-02-25;720;279;68;47;2;http://www.bdbasket.com/es/j/j2451.html#;http://www.bdbasket.com/i/j/2451.jpg;34;63;129;1;30;25;22;7;98;67;43
21;Brown;Movistar Estudiantes;P;2.16;1993-08-22;710;364;88;61;5;http://www.bdbasket.com/es/j/j2674.html#;http://www.bdbasket.com/i/j/2674.jpg;27;60;93;19;18;33;34;11;105;62;95
9;Vicedo;Movistar Estudiantes;A;2.01;1996-01-29;662;237;53;39;14;http://www.bdbasket.com/es/j/j2240.html#;http://www.bdbasket.com/i/j/2240.jpg;21;37;95;9;29;19;14;11;44;35;-3
8;Brizuela;Movistar Estudiantes;B;1.92;1995-08-23;598;248;56;42;10;http://www.bdbasket.com/es/j/j2337.html#;http://www.bdbasket.com/i/j/2337.jpg;47;10;50;3;19;30;4;7;75;62;-40
6;Hakanson;Movistar Estudiantes;B;1.90;1998-03-20;498;196;41;33;15;http://www.bdbasket.com/es/j/j2488.html#;http://www.bdbasket.com/i/j/2488.jpg;80;11;43;1;8;41;2;4;51;53;-21
4;Cvetkovic;Movistar Estudiantes;B;1.88;1995-02-13;489;140;28;24;12;http://www.bdbasket.com/es/j/j2757.html#;http://www.bdbasket.com/i/j/2757.jpg;29;12;25;0;15;22;0;6;64;56;44
17;Savané;Movistar Estudiantes;P;2.01;1979-09-23;307;92;21;16;2;http://www.bdbasket.com/es/j/j40.html#;http://www.bdbasket.com/i/j/40.jpg;10;24;41;7;5;16;14;8;45;33;-51
38;Arteaga;Movistar Estudiantes;F;2.09;1993-11-29;252;121;24;20;13;http://www.bdbasket.com/es/j/j186.html#;http://www.bdbasket.com/i/j/186.jpg;6;25;48;14;4;15;13;7;50;27;-16
11;Peña;Movistar Estudiantes;E;1.98;1989-09-23;205;84;13;14;16;http://www.bdbasket.com/es/j/j2894.html#;http://www.bdbasket.com/i/j/2894.jpg;17;10;12;1;7;8;1;6;23;11;-26
16;Adams Sola;Movistar Estudiantes;E;1.93;2001-11-25;28;1;1;-1;2;http://www.bdbasket.com/es/j/j2918.html#;http://www.bdbasket.com/i/j/2918.jpg;1;3;1;0;1;1;0;0;3;3;13
21;Thomas;Monbus Obradoiro;E;1.96;1995-08-22;791;463;111;77;10;http://www.bdbasket.com/es/j/j2851.html#;http://www.bdbasket.com/i/j/2851.jpg;73;14;59;0;23;53;1;24;58;100;6
22;Bendzius;Monbus Obradoiro;A;2.03;1991-10-20;659;307;67;51;20;http://www.bdbasket.com/es/j/j2676.html#;http://www.bdbasket.com/i/j/2676.jpg;19;33;82;3;23;28;5;3;48;82;-24
11;Radovic;Monbus Obradoiro;F;2.08;1992-09-21;681;304;73;51;5;http://www.bdbasket.com/es/j/j2423.html#;http://www.bdbasket.com/i/j/2423.jpg;20;69;117;8;13;43;17;26;85;65;-69
9;Llovet;Monbus Obradoiro;P;2.02;1992-10-11;708;182;36;30;20;http://www.bdbasket.com/es/j/j136.html#;http://www.bdbasket.com/i/j/136.jpg;36;47;99;2;14;31;8;8;87;108;-49
13;Pustovyi;Monbus Obradoiro;P;2.16;1993-08-03;878;379;89;63;12;http://www.bdbasket.com/es/j/j2675.html#;http://www.bdbasket.com/i/j/2675.jpg;18;62;141;48;13;75;66;14;115;123;9
44;Pozas;Monbus Obradoiro;B;1.81;1994-01-10;640;121;26;20;9;http://www.bdbasket.com/es/j/j309.html#;http://www.bdbasket.com/i/j/309.jpg;146;11;56;0;29;56;3;3;92;86;-2
3;Sàbat;Monbus Obradoiro;B;1.82;1986-07-21;630;191;39;32;17;http://www.bdbasket.com/es/j/j863.html#;http://www.bdbasket.com/i/j/863.jpg;112;11;36;0;17;53;0;3;63;56;-83
20;Navarro;Monbus Obradoiro;E;1.90;1984-12-01;577;164;32;28;16;http://www.bdbasket.com/es/j/j280.html#;http://www.bdbasket.com/i/j/280.jpg;76;18;50;5;21;27;2;13;46;47;-64
7;Simons;Monbus Obradoiro;F;2.03;1993-02-02;457;182;43;30;6;http://www.bdbasket.com/es/j/j2850.html#;http://www.bdbasket.com/i/j/2850.jpg;12;10;34;0;7;7;1;2;44;7;-56
33;Corbacho;Monbus Obradoiro;A;2.01;1986-01-10;311;162;31;27;19;http://www.bdbasket.com/es/j/j1019.html#;http://www.bdbasket.com/i/j/1019.jpg;25;6;21;0;6;13;2;4;15;16;-53
54;Laksa;Monbus Obradoiro;A;2.00;1991-11-07;284;102;19;17;13;http://www.bdbasket.com/es/j/j2852.html#;http://www.bdbasket.com/i/j/2852.jpg;7;9;15;0;3;5;1;5;36;17;-72
16;Spires;Monbus Obradoiro;F;2.09;1995-11-21;247;86;16;14;12;http://www.bdbasket.com/es/j/j2491.html#;http://www.bdbasket.com/i/j/2491.jpg;5;14;34;17;8;13;14;7;64;14;-13
23;Pechacek;Monbus Obradoiro;F;2.07;1996-07-08;29;7;2;1;0;http://www.bdbasket.com/es/j/j2768.html#;http://www.bdbasket.com/i/j/2768.jpg;0;3;3;0;0;3;0;0;4;1;-33
14;Rodrigo Gómez;Monbus Obradoiro;P;2.04;1997-10-08;1;0;0;0;0;http://www.bdbasket.com/es/j/j2832.html#;http://www.bdbasket.com/i/j/2832.jpg;0;0;1;0;0;0;0;0;0;0;3
8;Bachynski;Monbus Obradoiro;P;2.18;1991-03-07;0;0;0;0;0;http://www.bdbasket.com/es/j/j2910.html#;http://www.bdbasket.com/i/j/2910.jpg;0;0;0;0;0;0;0;0;0;0;0
5;Daniel Pérez;Delteco GBC;B;1.88;1991-06-29;684;190;38;32;18;http://www.bdbasket.com/es/j/j2379.html#;http://www.bdbasket.com/i/j/2379.jpg;121;16;38;0;36;50;0;4;57;73;-80
3;Chery;Delteco GBC;B;1.80;1993-11-30;745;423;98;71;14;http://www.bdbasket.com/es/j/j2751.html#;http://www.bdbasket.com/i/j/2751.jpg;69;26;77;0;32;52;0;10;58;64;-11
4;Van Lacke;Delteco GBC;E;1.91;1981-06-29;728;245;55;41;12;http://www.bdbasket.com/es/j/j160.html#;http://www.bdbasket.com/i/j/160.jpg;62;13;61;1;37;50;3;5;64;76;15
44;Swing;Delteco GBC;A;1.98;1991-10-19;828;353;81;59;14;http://www.bdbasket.com/es/j/j2718.html#;http://www.bdbasket.com/i/j/2718.jpg;60;19;104;4;24;65;5;9;86;73;-63
88;Clark;Delteco GBC;F;2.10;1989-11-19;783;392;96;66;2;http://www.bdbasket.com/es/j/j177.html#;http://www.bdbasket.com/i/j/177.jpg;44;52;115;8;18;44;9;7;83;35;-48
64;Norel;Delteco GBC;P;2.12;1989-01-11;619;361;85;60;11;http://www.bdbasket.com/es/j/j140.html#;http://www.bdbasket.com/i/j/140.jpg;48;82;93;20;10;31;12;7;54;127;-3
10;Salvó;Delteco GBC;F;2.05;1995-10-26;619;147;32;25;8;http://www.bdbasket.com/es/j/j2848.html#;http://www.bdbasket.com/i/j/2848.jpg;38;30;79;4;17;29;4;8;65;75;-88
1;Agbelese;Delteco GBC;P;2.03;1991-07-28;554;242;60;40;2;http://www.bdbasket.com/es/j/j2711.html#;http://www.bdbasket.com/i/j/2711.jpg;19;46;69;28;11;42;26;11;91;76;-121
17;Fakuade;Delteco GBC;F;2.01;1991-03-11;550;209;47;35;10;http://www.bdbasket.com/es/j/j2849.html#;http://www.bdbasket.com/i/j/2849.jpg;23;48;70;6;14;46;19;11;89;57;-32
7;Oroz;Delteco GBC;A;1.92;1997-08-16;290;57;7;9;16;http://www.bdbasket.com/es/j/j2502.html#;http://www.bdbasket.com/i/j/2502.jpg;35;9;25;1;12;25;0;6;24;14;-78
11;Pardina;Delteco GBC;A;2.02;1995-03-18;288;78;16;13;7;http://www.bdbasket.com/es/j/j2302.html#;http://www.bdbasket.com/i/j/2302.jpg;10;13;32;0;8;10;0;2;37;27;-47
15;Beraza;Delteco GBC;F;1.95;2001-04-07;80;24;1;4;10;http://www.bdbasket.com/es/j/j2909.html#;http://www.bdbasket.com/i/j/2909.jpg;5;10;12;1;6;4;0;0;17;8;4
13;Maiza;Delteco GBC;B;1.91;1998-01-30;31;13;4;2;0;http://www.bdbasket.com/es/j/j2741.html#;http://www.bdbasket.com/i/j/2741.jpg;3;0;2;0;1;1;0;0;3;3;-7
14;Mikel Sanz;Delteco GBC;F;1.95;2000-07-27;8;2;1;0;0;http://www.bdbasket.com/es/j/j2906.html#;http://www.bdbasket.com/i/j/2906.jpg;1;1;0;1;0;0;0;0;1;0;-6
18;Urtxulutegi;Delteco GBC;P;2.01;1997-09-11;5;4;1;1;0;http://www.bdbasket.com/es/j/j2948.html#;http://www.bdbasket.com/i/j/2948.jpg;0;0;1;0;0;0;0;1;0;1;7
21;Azpeitia;Delteco GBC;A;1.92;1999-09-14;2;2;1;0;0;http://www.bdbasket.com/es/j/j2901.html#;http://www.bdbasket.com/i/j/2901.jpg;1;0;0;0;0;0;0;0;0;1;2
9;De la Iglesia;Delteco GBC;F;2.01;1984-07-19;2;0;0;0;0;http://www.bdbasket.com/es/j/j2957.html#;http://www.bdbasket.com/i/j/2957.jpg;0;0;0;0;0;0;0;0;0;0;-4
0;Fisher;San Pablo Burgos;B;1.85;1989-09-20;813;368;89;62;4;http://www.bdbasket.com/es/j/j2296.html#;http://www.bdbasket.com/i/j/2296.jpg;89;15;41;1;26;59;0;12;60;109;-80
25;Alejandro López;San Pablo Burgos;E;1.89;1992-07-12;678;233;52;39;12;http://www.bdbasket.com/es/j/j284.html#;http://www.bdbasket.com/i/j/284.jpg;74;15;69;2;33;37;6;2;95;88;3
11;Sebas Saiz;San Pablo Burgos;F;2.05;1995-06-30;612;310;72;52;10;http://www.bdbasket.com/es/j/j2886.html#;http://www.bdbasket.com/i/j/2886.jpg;13;64;104;25;17;42;31;14;90;87;-86
21;Thompson;San Pablo Burgos;F;2.03;1989-07-08;925;404;91;68;18;http://www.bdbasket.com/es/j/j2889.html#;http://www.bdbasket.com/i/j/2889.jpg;50;70;159;17;32;49;30;12;81;106;-96
23;Huskic;San Pablo Burgos;P;2.10;1993-06-26;700;310;74;52;6;http://www.bdbasket.com/es/j/j2357.html#;http://www.bdbasket.com/i/j/2357.jpg;81;51;95;7;36;50;16;22;96;71;-87
5;Schreiner;San Pablo Burgos;B;1.95;1989-01-09;576;133;27;22;13;http://www.bdbasket.com/es/j/j2481.html#;http://www.bdbasket.com/i/j/2481.jpg;123;3;38;0;20;45;2;6;54;31;-139
10;Vega;San Pablo Burgos;F;2.05;1989-09-18;507;124;22;21;17;http://www.bdbasket.com/es/j/j310.html#;http://www.bdbasket.com/i/j/310.jpg;23;22;38;3;12;30;2;4;44;30;-106
12;Jenkins;San Pablo Burgos;E;1.93;1992-07-03;502;279;62;47;14;http://www.bdbasket.com/es/j/j2915.html#;http://www.bdbasket.com/i/j/2915.jpg;28;6;37;0;14;31;4;3;41;42;-109
13;Gailius;San Pablo Burgos;A;2.00;1989-12-11;466;229;55;38;5;http://www.bdbasket.com/es/j/j2887.html#;http://www.bdbasket.com/i/j/2887.jpg;24;21;69;1;12;36;1;8;48;68;-25
9;Barrera;San Pablo Burgos;E;1.96;1993-09-28;383;136;27;23;13;http://www.bdbasket.com/es/j/j2193.html#;http://www.bdbasket.com/i/j/2193.jpg;23;5;37;0;14;32;0;3;34;37;-113
15;Edu Martínez;San Pablo Burgos;A;2.00;1991-07-02;346;144;30;24;12;http://www.bdbasket.com/es/j/j253.html#;http://www.bdbasket.com/i/j/253.jpg;10;6;24;1;5;12;1;0;49;10;-5
31;Cancar;San Pablo Burgos;A;2.01;1999-02-28;234;86;17;14;10;http://www.bdbasket.com/es/j/j2944.html#;http://www.bdbasket.com/i/j/2944.jpg;5;11;24;4;9;9;0;3;36;10;-1
8;Sedekerskis;San Pablo Burgos;A;2.00;2000-04-14;84;13;4;2;0;http://www.bdbasket.com/es/j/j2533.html#;http://www.bdbasket.com/i/j/2533.jpg;5;4;19;2;3;2;1;0;1;8;-81
16;Dos Anjos;San Pablo Burgos;P;2.18;1999-09-13;16;6;2;1;0;http://www.bdbasket.com/es/j/j2888.html#;http://www.bdbasket.com/i/j/2888.jpg;0;2;3;1;0;1;1;0;3;1;-12
7;Savic;San Pablo Burgos;A;2.00;1999-07-26;0;0;0;0;0;http://www.bdbasket.com/es/j/j2815.html#;http://www.bdbasket.com/i/j/2815.jpg;0;0;0;0;0;0;0;0;0;0;2
20;Valge;San Pablo Burgos;A;1.92;1998-07-31;0;0;0;0;0;http://www.bdbasket.com/es/j/j2933.html#;http://www.bdbasket.com/i/j/2933.jpg;0;0;0;0;0;0;0;0;0;0;0
14;Ventura;Divina Seguros Joventut;E;1.91;1993-07-10;647;180;42;30;6;http://www.bdbasket.com/es/j/j276.html#;http://www.bdbasket.com/i/j/276.jpg;40;31;66;0;37;26;2;7;79;53;-70
35;Richard;Divina Seguros Joventut;E;1.96;1992-04-07;761;366;91;61;1;http://www.bdbasket.com/es/j/j2900.html#;http://www.bdbasket.com/i/j/2900.jpg;56;21;81;5;40;40;0;18;66;69;-91
12;Kulvietis;Divina Seguros Joventut;F;2.04;1993-04-12;658;229;53;38;9;http://www.bdbasket.com/es/j/j2898.html#;http://www.bdbasket.com/i/j/2898.jpg;39;30;53;1;9;28;5;8;61;43;-96
21;Gielo;Divina Seguros Joventut;F;2.05;1995-03-13;741;292;72;49;1;http://www.bdbasket.com/es/j/j2785.html#;http://www.bdbasket.com/i/j/2785.jpg;13;25;88;9;20;24;10;10;86;40;-9
44;Jordan;Divina Seguros Joventut;P;2.15;1987-12-04;740;344;76;58;18;http://www.bdbasket.com/es/j/j2729.html#;http://www.bdbasket.com/i/j/2729.jpg;38;68;95;45;24;58;31;16;90;145;-29
9;Vidal;Divina Seguros Joventut;E;1.98;1982-11-15;634;195;41;33;14;http://www.bdbasket.com/es/j/j193.html#;http://www.bdbasket.com/i/j/193.jpg;57;10;62;0;22;39;1;5;40;87;-114
10;Laprovittola;Divina Seguros Joventut;B;1.90;1992-02-02;532;279;65;47;8;http://www.bdbasket.com/es/j/j2717.html#;http://www.bdbasket.com/i/j/2717.jpg;117;11;36;3;29;55;0;13;58;85;51
6;López-Arostegui;Divina Seguros Joventut;A;2.00;1999-02-15;476;185;45;31;2;http://www.bdbasket.com/es/j/j2810.html#;http://www.bdbasket.com/i/j/2810.jpg;23;24;74;0;20;28;0;6;57;45;-22
2;Birgander;Divina Seguros Joventut;P;2.09;1999-02-14;472;139;32;23;6;http://www.bdbasket.com/es/j/j2896.html#;http://www.bdbasket.com/i/j/2896.jpg;19;46;80;17;16;21;11;9;79;24;-67
0;Dimitrijevic;Divina Seguros Joventut;B;1.86;1999-12-27;400;152;31;26;12;http://www.bdbasket.com/es/j/j2783.html#;http://www.bdbasket.com/i/j/2783.jpg;52;6;27;1;12;43;2;4;73;39;-55
18;Wayns;Divina Seguros Joventut;B;1.85;1992-07-17;325;163;32;27;18;http://www.bdbasket.com/es/j/j2899.html#;http://www.bdbasket.com/i/j/2899.jpg;30;5;20;0;16;20;0;7;34;35;-69
1;Conger;Divina Seguros Joventut;A;1.98;1992-03-11;263;129;28;21;10;http://www.bdbasket.com/es/j/j2940.html#;http://www.bdbasket.com/i/j/2940.jpg;16;11;24;4;7;18;2;4;19;33;12
13;Nogués;Divina Seguros Joventut;F;2.04;1996-07-23;119;22;6;4;0;http://www.bdbasket.com/es/j/j2530.html#;http://www.bdbasket.com/i/j/2530.jpg;1;5;8;0;2;6;1;0;16;6;-6
30;Mavra;Divina Seguros Joventut;B;1.95;1996-02-15;58;14;4;2;0;http://www.bdbasket.com/es/j/j2904.html#;http://www.bdbasket.com/i/j/2904.jpg;6;1;3;0;1;11;0;1;6;6;9
23;Gudul;Divina Seguros Joventut;P;2.08;1996-04-09;43;12;1;2;4;http://www.bdbasket.com/es/j/j2903.html#;http://www.bdbasket.com/i/j/2903.jpg;0;6;1;1;2;6;1;2;14;1;-40
32;Zagars;Divina Seguros Joventut;B;1.90;2001-11-06;19;8;2;2;0;http://www.bdbasket.com/es/j/j2942.html#;http://www.bdbasket.com/i/j/2942.jpg;2;1;2;0;0;3;0;0;1;1;-3
11;Parra;Divina Seguros Joventut;A;2.01;2001-08-02;3;0;0;0;0;http://www.bdbasket.com/es/j/j2922.html#;http://www.bdbasket.com/i/j/2922.jpg;0;0;0;0;0;0;0;0;0;0;-11
4;Busquets;Divina Seguros Joventut;E;1.97;2000-10-29;0;0;0;0;0;http://www.bdbasket.com/es/j/j2897.html#;http://www.bdbasket.com/i/j/2897.jpg;0;0;0;0;0;0;0;0;0;0;0
15;Molins;Divina Seguros Joventut;B;1.91;2001-04-05;0;0;0;0;0;http://www.bdbasket.com/es/j/j2826.html#;http://www.bdbasket.com/i/j/2826.jpg;0;0;0;0;0;0;0;0;0;0;0
11;Bellas;Tecnyconta Zaragoza;B;1.85;1988-07-11;853;271;61;45;14;http://www.bdbasket.com/es/j/j42.html#;http://www.bdbasket.com/i/j/42.jpg;115;11;49;0;18;46;0;6;70;97;-173
45;Blums;Tecnyconta Zaragoza;E;1.90;1983-10-15;587;216;49;36;10;http://www.bdbasket.com/es/j/j222.html#;http://www.bdbasket.com/i/j/222.jpg;27;4;55;0;15;27;0;4;67;33;-44
13;Neal;Tecnyconta Zaragoza;E;1.93;1985-10-14;883;598;145;100;8;http://www.bdbasket.com/es/j/j443.html#;http://www.bdbasket.com/i/j/443.jpg;93;7;77;1;17;86;0;12;71;145;-102
7;Barreiro;Tecnyconta Zaragoza;A;2.04;1999-01-20;587;161;39;27;2;http://www.bdbasket.com/es/j/j2424.html#;http://www.bdbasket.com/i/j/2424.jpg;23;29;63;2;15;27;6;4;61;33;-74
9;Dragovic;Tecnyconta Zaragoza;F;2.06;1988-09-18;676;231;48;39;18;http://www.bdbasket.com/es/j/j2853.html#;http://www.bdbasket.com/i/j/2853.jpg;27;33;116;9;15;33;10;4;77;59;-180
27;De Jong;Tecnyconta Zaragoza;P;2.11;1990-04-03;569;278;60;46;20;http://www.bdbasket.com/es/j/j2856.html#;http://www.bdbasket.com/i/j/2856.jpg;10;35;87;12;6;28;23;11;89;84;-103
32;Varnado;Tecnyconta Zaragoza;P;2.06;1989-07-01;439;162;40;27;1;http://www.bdbasket.com/es/j/j2857.html#;http://www.bdbasket.com/i/j/2857.jpg;13;30;81;20;13;35;29;3;58;55;-59
33;Alejandro Suárez;Tecnyconta Zaragoza;F;2.04;1994-09-29;391;119;28;20;3;http://www.bdbasket.com/es/j/j272.html#;http://www.bdbasket.com/i/j/272.jpg;8;15;47;3;9;17;3;3;55;13;-44
24;Michalak;Tecnyconta Zaragoza;E;1.96;1994-09-08;350;131;24;22;17;http://www.bdbasket.com/es/j/j2855.html#;http://www.bdbasket.com/i/j/2855.jpg;15;14;37;0;10;22;0;5;36;19;-106
5;Triguero;Tecnyconta Zaragoza;P;2.12;1984-10-24;274;79;15;13;10;http://www.bdbasket.com/es/j/j122.html#;http://www.bdbasket.com/i/j/122.jpg;6;10;35;7;8;12;8;3;35;29;-23
4;McCalebb;Tecnyconta Zaragoza;B;1.81;1987-02-14;231;107;18;18;17;http://www.bdbasket.com/es/j/j2744.html#;http://www.bdbasket.com/i/j/2744.jpg;33;8;16;0;12;14;0;2;16;22;-22
51;Bjelica;Tecnyconta Zaragoza;F;2.07;1986-02-28;194;96;21;16;6;http://www.bdbasket.com/es/j/j2176.html#;http://www.bdbasket.com/i/j/2176.jpg;5;7;21;6;4;12;1;3;13;29;-22
4;Stoll;Tecnyconta Zaragoza;B;1.80;1986-12-04;194;71;15;12;5;http://www.bdbasket.com/es/j/j2941.html#;http://www.bdbasket.com/i/j/2941.jpg;38;5;13;0;11;17;0;1;31;18;-18
10;Sergi García;Tecnyconta Zaragoza;B;1.89;1999-04-01;178;86;17;14;10;http://www.bdbasket.com/es/j/j2394.html#;http://www.bdbasket.com/i/j/2394.jpg;25;7;22;0;12;13;2;0;13;18;0
31;Ennis;Tecnyconta Zaragoza;B;1.88;1992-10-23;164;91;21;15;4;http://www.bdbasket.com/es/j/j2949.html#;http://www.bdbasket.com/i/j/2949.jpg;13;4;16;1;11;7;0;6;10;16;-38
41;Xavi Rey;Tecnyconta Zaragoza;P;2.09;1988-06-25;139;51;6;9;12;http://www.bdbasket.com/es/j/j48.html#;http://www.bdbasket.com/i/j/48.jpg;3;16;30;1;3;3;6;2;15;20;-22
14;Mazalin;Tecnyconta Zaragoza;A;2.04;1999-01-09;69;16;4;3;0;http://www.bdbasket.com/es/j/j2854.html#;http://www.bdbasket.com/i/j/2854.jpg;3;3;5;1;2;3;0;1;18;5;-44
12;Alocén;Tecnyconta Zaragoza;B;1.89;2002-02-02;56;11;3;2;0;http://www.bdbasket.com/es/j/j2806.html#;http://www.bdbasket.com/i/j/2806.jpg;9;1;8;0;0;4;0;1;4;6;-29
19;Urtasun;Tecnyconta Zaragoza;E;1.93;1986-02-01;27;5;2;1;0;http://www.bdbasket.com/es/j/j125.html#;http://www.bdbasket.com/i/j/125.jpg;1;1;1;0;0;3;0;1;3;2;-24
23;Jaime Fernández;Tecnyconta Zaragoza;P;2.03;2001-07-04;5;0;0;0;0;http://www.bdbasket.com/es/j/j2935.html#;http://www.bdbasket.com/i/j/2935.jpg;0;0;0;0;0;0;0;0;0;0;-6
17;Lobaco;Tecnyconta Zaragoza;E;1.91;2001-10-02;0;0;0;0;0;http://www.bdbasket.com/es/j/j2958.html#;http://www.bdbasket.com/i/j/2958.jpg;0;0;0;0;0;0;0;0;0;0;0
9;Tabu;RETAbet Bilbao Basket;B;1.90;1986-07-09;712;309;70;51;16;http://www.bdbasket.com/es/j/j2387.html#;http://www.bdbasket.com/i/j/2387.jpg;110;16;52;0;30;60;1;10;98;99;-66
19;Pere Tomàs;RETAbet Bilbao Basket;A;2.02;1990-07-21;667;217;52;36;5;http://www.bdbasket.com/es/j/j141.html#;http://www.bdbasket.com/i/j/141.jpg;24;50;57;0;14;20;0;7;66;59;-134
20;Todorovic;RETAbet Bilbao Basket;A;1.96;1996-03-11;722;326;79;54;6;http://www.bdbasket.com/es/j/j2333.html#;http://www.bdbasket.com/i/j/2333.jpg;44;13;74;8;25;53;4;14;49;71;-170
15;Mumbrú;RETAbet Bilbao Basket;A;2.02;1980-07-25;810;427;105;71;4;http://www.bdbasket.com/es/j/j219.html#;http://www.bdbasket.com/i/j/219.jpg;79;17;112;0;16;60;6;12;77;127;-124
17;Hervelle;RETAbet Bilbao Basket;F;2.05;1984-07-10;668;180;39;30;12;http://www.bdbasket.com/es/j/j242.html#;http://www.bdbasket.com/i/j/242.jpg;38;33;90;1;24;42;1;3;85;43;-87
12;Redivo;RETAbet Bilbao Basket;E;1.83;1995-11-21;655;336;78;56;12;http://www.bdbasket.com/es/j/j2883.html#;http://www.bdbasket.com/i/j/2883.jpg;19;2;33;0;18;20;0;12;57;59;-70
32;Gladness;RETAbet Bilbao Basket;P;2.11;1987-07-27;541;163;36;27;10;http://www.bdbasket.com/es/j/j2885.html#;http://www.bdbasket.com/i/j/2885.jpg;9;37;100;34;10;31;31;3;52;51;-118
11;Hammink;RETAbet Bilbao Basket;A;2.00;1995-10-31;496;125;24;21;14;http://www.bdbasket.com/es/j/j2882.html#;http://www.bdbasket.com/i/j/2882.jpg;22;20;37;6;14;20;5;2;70;35;-84
2;Thomas;RETAbet Bilbao Basket;F;2.04;1995-08-11;495;208;47;35;9;http://www.bdbasket.com/es/j/j2923.html#;http://www.bdbasket.com/i/j/2923.jpg;28;42;77;17;27;26;17;6;87;70;-33
14;Salgado;RETAbet Bilbao Basket;B;1.80;1982-04-15;365;99;18;17;12;http://www.bdbasket.com/es/j/j116.html#;http://www.bdbasket.com/i/j/116.jpg;55;2;25;0;11;34;0;3;21;29;-33
5;Fischer;RETAbet Bilbao Basket;B;1.85;1992-07-05;245;101;19;17;12;http://www.bdbasket.com/es/j/j2881.html#;http://www.bdbasket.com/i/j/2881.jpg;33;5;16;0;2;29;0;5;25;33;-107
50;Bentil;RETAbet Bilbao Basket;F;2.04;1997-03-10;152;44;1;8;18;http://www.bdbasket.com/es/j/j2937.html#;http://www.bdbasket.com/i/j/2937.jpg;6;9;17;2;5;9;1;2;18;14;-102
22;Vucetic;RETAbet Bilbao Basket;P;2.07;1997-11-05;134;24;6;4;0;http://www.bdbasket.com/es/j/j2824.html#;http://www.bdbasket.com/i/j/2824.jpg;3;8;5;0;0;5;0;2;29;8;-41
4;Rebic;RETAbet Bilbao Basket;B;1.88;1997-01-31;76;18;2;3;5;http://www.bdbasket.com/es/j/j2936.html#;http://www.bdbasket.com/i/j/2936.jpg;5;1;4;0;2;4;0;0;13;5;-41
18;Kempton;RETAbet Bilbao Basket;F;2.08;1996-07-17;43;15;4;3;0;http://www.bdbasket.com/es/j/j2884.html#;http://www.bdbasket.com/i/j/2884.jpg;0;4;8;0;2;3;0;5;8;4;-34
10;Mendía;RETAbet Bilbao Basket;A;1.99;1996-04-16;10;0;0;0;0;http://www.bdbasket.com/es/j/j2382.html#;http://www.bdbasket.com/i/j/2382.jpg;1;0;0;0;0;1;0;1;4;0;-16
6;Nelson;Real Betis;E;1.91;1996-11-18;789;279;61;47;16;http://www.bdbasket.com/es/j/j2859.html#;http://www.bdbasket.com/i/j/2859.jpg;57;8;65;1;36;62;1;7;102;44;-211
15;Schilb;Real Betis;A;2.01;1984-11-16;828;356;85;60;6;http://www.bdbasket.com/es/j/j2902.html#;http://www.bdbasket.com/i/j/2902.jpg;76;18;75;2;17;48;0;3;64;60;-257
34;Kelly;Real Betis;F;2.11;1993-02-16;945;454;105;76;16;http://www.bdbasket.com/es/j/j2861.html#;http://www.bdbasket.com/i/j/2861.jpg;54;37;119;32;25;50;32;11;79;130;-279
32;Golubovic;Real Betis;P;2.12;1988-04-09;462;226;55;38;2;http://www.bdbasket.com/es/j/j435.html#;http://www.bdbasket.com/i/j/435.jpg;19;35;61;3;10;29;6;8;40;78;-153
1;Anosike;Real Betis;P;2.03;1993-01-08;840;346;79;58;14;http://www.bdbasket.com/es/j/j2858.html#;http://www.bdbasket.com/i/j/2858.jpg;31;76;140;20;17;38;2;20;96;130;-251
11;Uriz;Real Betis;B;1.80;1990-10-07;458;133;30;22;7;http://www.bdbasket.com/es/j/j217.html#;http://www.bdbasket.com/i/j/217.jpg;66;12;40;0;19;42;0;4;35;43;-179
30;Franch;Real Betis;B;1.90;1993-03-24;402;137;25;23;18;http://www.bdbasket.com/es/j/j137.html#;http://www.bdbasket.com/i/j/137.jpg;52;7;34;0;19;27;1;5;34;32;-86
8;Iván Cruz;Real Betis;P;2.00;1992-08-14;389;92;15;16;14;http://www.bdbasket.com/es/j/j282.html#;http://www.bdbasket.com/i/j/282.jpg;15;22;65;1;10;10;0;2;48;15;-153
5;Alfonso Sánchez;Real Betis;E;1.95;1988-08-14;342;55;11;9;6;http://www.bdbasket.com/es/j/j119.html#;http://www.bdbasket.com/i/j/119.jpg;20;6;23;0;9;20;0;1;59;27;-144
31;Booker;Real Betis;B;1.86;1994-07-24;338;210;43;35;19;http://www.bdbasket.com/es/j/j2939.html#;http://www.bdbasket.com/i/j/2939.jpg;38;5;31;2;9;30;0;5;30;50;-95
16;Boungou-Colo;Real Betis;A;2.03;1989-11-04;267;117;24;19;12;http://www.bdbasket.com/es/j/j2860.html#;http://www.bdbasket.com/i/j/2860.jpg;9;19;17;7;9;27;3;3;19;41;-65
7;McGrath;Real Betis;B;1.93;1985-12-13;261;47;10;7;6;http://www.bdbasket.com/es/j/j2673.html#;http://www.bdbasket.com/i/j/2673.jpg;19;0;11;0;10;15;1;1;21;11;-132
4;Draper;Real Betis;B;1.81;1985-07-10;155;42;10;6;4;http://www.bdbasket.com/es/j/j2283.html#;http://www.bdbasket.com/i/j/2283.jpg;16;2;14;0;6;8;0;0;17;11;-65
10;Urtasun;Real Betis;E;1.93;1985-12-08;137;60;8;10;14;http://www.bdbasket.com/es/j/j125.html#;http://www.bdbasket.com/i/j/125.jpg;8;0;7;0;4;8;1;0;9;8;-114
25;Zagorac;Real Betis;A;2.05;1996-07-27;133;62;15;10;2;http://www.bdbasket.com/es/j/j2925.html#;http://www.bdbasket.com/i/j/2925.jpg;3;5;13;0;6;9;0;3;13;9;-52
21;Saúl Blanco;Real Betis;E;1.94;1987-01-29;52;10;2;2;0;http://www.bdbasket.com/es/j/j72.html#;http://www.bdbasket.com/i/j/72.jpg;6;1;1;0;2;3;0;0;2;4;-46
16;Gacesa;Real Betis;F;2.06;1988-10-29;19;3;1;1;0;http://www.bdbasket.com/es/j/j2953.html#;http://www.bdbasket.com/i/j/2953.jpg;0;0;2;0;0;0;0;2;4;2;-30
19;Pluta;Real Betis;B;1.84;2001-12-05;0;0;0;0;0;http://www.bdbasket.com/es/j/j2817.html#;http://www.bdbasket.com/i/j/2817.jpg;0;0;0;0;0;0;0;0;0;0;0
19;Vlahovic;Real Betis;E;1.93;2003-04-16;0;0;0;0;0;http://www.bdbasket.com/es/j/j2938.html#;http://www.bdbasket.com/i/j/2938.jpg;0;0;0;0;0;0;0;0;0;0;0